<?xml version="1.0" encoding="UTF-8"?>
<feature
      id="org.xwiki.eclipse.feature"
      label="XWiki Eclipse Feature"
      version="1.2.0.20080624"
      provider-name="XWiki">

   <description url="http://code.xwiki.org/xwiki/bin/view/Extensions/XEclipseExtension">
      XWiki Eclipse
   </description>

   <copyright url="http://www.example.com/copyright">
      See the NOTICE file distributed with this work for additional
information regarding copyright ownership.
This is free software; you can redistribute it and/or modify
it under the terms of the GNU Lesser General Public License as
published by the Free Software Foundation; 
either version 2.1 of the License, or (at  your option) 
any later version. 
This software is distributed in the hope that
it will be useful, but WITHOUT ANY WARRANTY; without even the
implied warranty of MERCHANTABILITY or FITNESS FOR A PARTICULAR
PURPOSE. See the GNU Lesser General Public License for more details.
You should have received a copy of the GNU Lesser General Public
License along with this software; 
if not, write to the Free Software Foundation, Inc., 
51 Franklin St, Fifth Floor, Boston, MA
02110-1301 USA, or see the FSF site: http://www.fsf.org.
   </copyright>

   <license url="http://www.example.com/license">
      See the NOTICE file distributed with this work for additional
information regarding copyright ownership.
This is free software; you can redistribute it and/or modify
it under the terms of the GNU Lesser General Public License as
published by the Free Software Foundation; 
either version 2.1 of the License, or (at  your option) 
any later version. 
This software is distributed in the hope that
it will be useful, but WITHOUT ANY WARRANTY; without even the
implied warranty of MERCHANTABILITY or FITNESS FOR A PARTICULAR
PURPOSE. See the GNU Lesser General Public License for more details.
You should have received a copy of the GNU Lesser General Public
License along with this software; 
if not, write to the Free Software Foundation, Inc., 
51 Franklin St, Fifth Floor, Boston, MA
02110-1301 USA, or see the FSF site: http://www.fsf.org.
   </license>

   <requires>
      <import plugin="org.eclipse.core.runtime" version="3.2.0" match="compatible"/>
      <import plugin="org.eclipse.core.resources" version="3.4.0" match="greaterOrEqual"/>
      <import plugin="org.xwiki.eclipse.xmlrpc" version="1.4.0" match="greaterOrEqual"/>
      <import plugin="org.eclipse.core.expressions" version="3.4.0" match="greaterOrEqual"/>
      <import plugin="org.eclipse.ui" version="3.3.0" match="compatible"/>
      <import plugin="org.xwiki.eclipse.core" version="1.2.0" match="greaterOrEqual"/>
      <import plugin="org.eclipse.ui.navigator" version="3.3.100" match="greaterOrEqual"/>
      <import plugin="org.eclipse.ui.editors" version="3.4.0" match="greaterOrEqual"/>
      <import plugin="org.eclipse.jface.text" version="3.4.0" match="greaterOrEqual"/>
      <import plugin="org.eclipse.ui.forms" version="3.3.100" match="greaterOrEqual"/>
      <import plugin="org.eclipse.compare" version="3.4.0" match="greaterOrEqual"/>
      <import plugin="org.eclipse.ui.views" version="3.3.0" match="greaterOrEqual"/>
   </requires>

   <plugin
         id="org.xwiki.eclipse.core"
         download-size="0"
         install-size="0"
         version="1.2.0.SNAPSHOT"
         unpack="false"/>

   <plugin
         id="org.xwiki.eclipse.ui"
         download-size="0"
         install-size="0"
         version="1.2.0.SNAPSHOT"
         unpack="false"/>

   <plugin
         id="org.xwiki.eclipse.xmlrpc"
         download-size="0"
         install-size="0"
         version="1.4.0"/>

</feature>
